{
  "last_heartbeat": 1771350221.140554,
  "last_task_check": 1771350221.140554
}