{
  "last_heartbeat": 1771381432.7023537,
  "last_task_check": 1771381432.7023537,
  "heartbeat_pid": 25732,
  "auto_apply": true,
  "auto_apply_mode": "whitelist"
}